{
  "project_info": {
    "project_number": "301592962783",
    "project_id": "chau02-b4019",
    "storage_bucket": "chau02-b4019.appspot.com"
  },
  "client": [
    {
      "client_info": {
        "mobilesdk_app_id": "1:301592962783:android:0f635a69cac727331aab6a",
        "android_client_info": {
          "package_name": "com.example.chau"
        }
      },
      "oauth_client": [
        {
          "client_id": "301592962783-cjf1m9jjbtrgokaqrpe7kmcu312ucp2d.apps.googleusercontent.com",
          "client_type": 3
        }
      ],
      "api_key": [
        {
          "current_key": "AIzaSyCx_d-2fRy-zAUcq_oA9BC7rGQmb1sRNiQ"
        }
      ],
      "services": {
        "appinvite_service": {
          "other_platform_oauth_client": [
            {
              "client_id": "301592962783-cjf1m9jjbtrgokaqrpe7kmcu312ucp2d.apps.googleusercontent.com",
              "client_type": 3
            }
          ]
        }
      }
    },
    {
      "client_info": {
        "mobilesdk_app_id": "1:301592962783:android:9d0b8a27b94cd68e1aab6a",
        "android_client_info": {
          "package_name": "com.example.chauvendor"
        }
      },
      "oauth_client": [
        {
          "client_id": "301592962783-cjf1m9jjbtrgokaqrpe7kmcu312ucp2d.apps.googleusercontent.com",
          "client_type": 3
        }
      ],
      "api_key": [
        {
          "current_key": "AIzaSyCx_d-2fRy-zAUcq_oA9BC7rGQmb1sRNiQ"
        }
      ],
      "services": {
        "appinvite_service": {
          "other_platform_oauth_client": [
            {
              "client_id": "301592962783-cjf1m9jjbtrgokaqrpe7kmcu312ucp2d.apps.googleusercontent.com",
              "client_type": 3
            }
          ]
        }
      }
    }
  ],
  "configuration_version": "1"
}